-- phpMyAdmin SQL Dump
-- version 4.8.3
-- https://www.phpmyadmin.net/
--
-- Хост: 127.0.0.1:3306
-- Время создания: Янв 25 2020 г., 20:32
-- Версия сервера: 5.6.41-log
-- Версия PHP: 7.2.10

SET SQL_MODE = "NO_AUTO_VALUE_ON_ZERO";
SET AUTOCOMMIT = 0;
START TRANSACTION;
SET time_zone = "+00:00";


/*!40101 SET @OLD_CHARACTER_SET_CLIENT=@@CHARACTER_SET_CLIENT */;
/*!40101 SET @OLD_CHARACTER_SET_RESULTS=@@CHARACTER_SET_RESULTS */;
/*!40101 SET @OLD_COLLATION_CONNECTION=@@COLLATION_CONNECTION */;
/*!40101 SET NAMES utf8mb4 */;

--
-- База данных: `project`
--

-- --------------------------------------------------------

--
-- Структура таблицы `group`
--

CREATE TABLE `group` (
  `id` int(11) NOT NULL,
  `name` varchar(256) NOT NULL
) ENGINE=InnoDB DEFAULT CHARSET=utf8;

--
-- Дамп данных таблицы `group`
--

INSERT INTO `group` (`id`, `name`) VALUES
(1, 'ССА 18-11-1'),
(2, 'ССА 18-11-2'),
(3, 'ССА 17-11'),
(4, 'ССА 19-11-1'),
(5, 'ССА 19-11-2'),
(6, 'ССА 19-11-3'),
(7, 'ПДО ТТ 18-11-1'),
(8, 'ПДО ТТ 19-11'),
(9, 'ПДО ТТ 18-11-2'),
(10, 'АТ 16-09'),
(11, 'АТ 17-09'),
(12, 'АТ 17-11'),
(13, 'АТ 18-11'),
(14, 'АТ 19-11'),
(15, 'АТПиП 16-09'),
(16, 'ДО 17-11-1'),
(17, 'ДО 17-11-2'),
(18, 'ДО 18-11-1'),
(19, 'ДО 18-11-2'),
(20, 'ДО 19-11-1'),
(21, 'ДО 19-11-2'),
(22, 'ИСиП 19-11-1'),
(23, 'ИСиП 19-11-2'),
(24, 'КП 17-09'),
(25, 'КП 17-11-1'),
(26, 'КП 17-11-2'),
(27, 'КП 17-11-3'),
(28, 'КП 18-11-1'),
(29, 'КП 18-11-2'),
(30, 'КП 19-11-1'),
(31, 'КП 19-11-2'),
(32, 'КП 19-11-3'),
(33, 'ОСАТПиП 17-11'),
(34, 'ОСАТПиП 18-11-1'),
(35, 'ОСАТПиП 18-11-2'),
(36, 'ОСАТПиП 19-11-1'),
(37, 'ОСАТПиП 19-11-2'),
(38, 'ПДО ТТ 16-09'),
(39, 'ПДО ТТ 17-09');

-- --------------------------------------------------------

--
-- Структура таблицы `lesson`
--

CREATE TABLE `lesson` (
  `id` int(11) NOT NULL,
  `name` varchar(256) NOT NULL
) ENGINE=InnoDB DEFAULT CHARSET=utf8;

--
-- Дамп данных таблицы `lesson`
--

INSERT INTO `lesson` (`id`, `name`) VALUES
(1, 'МДК 01.01 Методика преподавания по программам дополнительного образования в избранной области деят'),
(2, 'МДК 01.01 Организация, принципы построения и функционирования компьютерных сетей'),
(3, 'МДК 01.02 Компьютерные сети'),
(4, 'МДК 02.03 Организация администрирования компьютерных сетей'),
(5, 'Основы алгоритмизации и программирования'),
(15, 'МДК 02.01 Администрирование сетевых операционных систем'),
(16, 'Физическая культура'),
(17, 'Информационные технологии'),
(18, 'Иностранный язык'),
(20, 'МДК 01.01 Компьютерные сети'),
(21, 'Безопасность жизнедеятельности'),
(22, 'Элементы высшей математики'),
(23, 'Дискретная математика'),
(24, 'Операционные системы и среды'),
(25, 'Теория вероятностей и математическая статистика'),
(26, 'МДК 01.02 Подготовка педагога дополнительного образования в избранной области деятельности'),
(27, 'Основы предпринимательской деятельности(Расширяем горизонты)'),
(28, 'Психология'),
(29, 'МДК 02.01 Методика организации досуговых мероприятий'),
(30, 'Педагогика'),
(31, 'Информатика и ИКТ в профессиональной деятельности'),
(32, 'Дополнительное образование детей: история и современность'),
(34, 'Экономика отрасли'),
(35, 'МДК 03.02 Безопасность функционирования информационных сетей'),
(36, 'Иностранный язык в профессиональной деятельности'),
(37, 'Основы философии'),
(38, 'Основы робототехники'),
(39, 'Основы проектирования баз данных'),
(40, 'Основы энергосбережения'),
(42, 'Правовое обеспечение в профессиональной деятельности'),
(43, 'Материаловедение'),
(44, 'Инженерная графика'),
(45, 'Гидропневмоавтоматика'),
(46, 'Техническая механика'),
(47, 'Основы электротехники'),
(48, 'Математика'),
(49, 'Технологическое оборудование и приспособления'),
(50, 'МДК 01.02 Проектирование систем автоматизации технологических процессов'),
(51, 'Системы автоматизированного проектирования технологических процессов'),
(52, 'цаууа');

-- --------------------------------------------------------

--
-- Структура таблицы `numlesson`
--

CREATE TABLE `numlesson` (
  `id` int(11) NOT NULL,
  `name` varchar(256) NOT NULL
) ENGINE=InnoDB DEFAULT CHARSET=utf8;

--
-- Дамп данных таблицы `numlesson`
--

INSERT INTO `numlesson` (`id`, `name`) VALUES
(1, '12');

-- --------------------------------------------------------

--
-- Структура таблицы `room`
--

CREATE TABLE `room` (
  `id` int(11) NOT NULL,
  `name` varchar(256) NOT NULL
) ENGINE=InnoDB DEFAULT CHARSET=utf8;

--
-- Дамп данных таблицы `room`
--

INSERT INTO `room` (`id`, `name`) VALUES
(1, '415'),
(2, '414'),
(3, '416'),
(4, '311'),
(5, '-'),
(6, 'Спорт Зал'),
(7, '422'),
(8, '105'),
(9, '109'),
(10, '308'),
(11, '112'),
(12, '312'),
(13, '410'),
(14, '224'),
(15, '305'),
(16, '301'),
(17, '413'),
(18, '425'),
(19, '412'),
(20, '223'),
(21, '211'),
(22, '225'),
(23, '106'),
(24, '110');

-- --------------------------------------------------------

--
-- Структура таблицы `subgroup`
--

CREATE TABLE `subgroup` (
  `id` int(11) NOT NULL,
  `name` varchar(256) NOT NULL
) ENGINE=InnoDB DEFAULT CHARSET=utf8;

--
-- Дамп данных таблицы `subgroup`
--

INSERT INTO `subgroup` (`id`, `name`) VALUES
(1, '2');

-- --------------------------------------------------------

--
-- Структура таблицы `teacher`
--

CREATE TABLE `teacher` (
  `id` int(11) NOT NULL,
  `name` varchar(256) NOT NULL
) ENGINE=InnoDB DEFAULT CHARSET=utf8;

--
-- Дамп данных таблицы `teacher`
--

INSERT INTO `teacher` (`id`, `name`) VALUES
(1, 'Полищук А.А.'),
(2, 'Гуляев И.П.'),
(3, 'Арефьев Е.А.'),
(4, 'Бородина С.В.'),
(5, 'вакансия'),
(6, 'Гейер А. Р.'),
(7, 'Машкина В. А.'),
(8, 'Калугина С. В.'),
(9, 'Романенко С.В.'),
(10, 'Пушкарев А. Н.'),
(11, 'Звонарева И. М.'),
(12, 'Игнатова С. М.'),
(13, 'Ужанова Т. Л.'),
(14, 'Рашевская С. Ф.'),
(15, 'Шипунова О. В.'),
(16, 'Сушкова А. А.'),
(17, 'Ложкина Е. Р.'),
(18, 'Кузнецов А. С.'),
(19, 'Пермякова Л. П.'),
(20, 'Вергунова Т. З.'),
(21, 'Фисенко Е. М.'),
(22, 'Тимофеев П. Н.'),
(23, 'Павлова Н. Г.'),
(24, 'Литус А. А.'),
(25, 'Новоселов Д.А.'),
(26, 'Лагохин А. П.'),
(27, 'Ахметов Р. А.');

-- --------------------------------------------------------

--
-- Структура таблицы `timetable`
--

CREATE TABLE `timetable` (
  `id` int(11) NOT NULL,
  `group` int(11) NOT NULL,
  `week` int(11) NOT NULL,
  `numlesson` int(11) NOT NULL,
  `subgroup` int(11) NOT NULL,
  `lesson` int(11) NOT NULL,
  `teacher` int(11) NOT NULL,
  `room` int(11) NOT NULL
) ENGINE=InnoDB DEFAULT CHARSET=utf8;

--
-- Дамп данных таблицы `timetable`
--

INSERT INTO `timetable` (`id`, `group`, `week`, `numlesson`, `subgroup`, `lesson`, `teacher`, `room`) VALUES
(9, 2, 2, 1, 1, 2, 1, 1),
(10, 2, 2, 2, 1, 2, 1, 1),
(11, 2, 2, 3, 1, 4, 1, 1),
(13, 2, 2, 4, 1, 4, 1, 1),
(14, 2, 2, 5, 1, 5, 2, 2),
(16, 2, 2, 5, 2, 5, 5, 5),
(17, 2, 2, 6, 1, 5, 2, 2),
(18, 2, 2, 6, 2, 5, 5, 5),
(19, 2, 2, 7, 1, 5, 2, 2),
(20, 2, 2, 7, 2, 5, 5, 5),
(21, 2, 3, 3, 1, 2, 1, 1),
(22, 2, 3, 4, 1, 2, 1, 1),
(23, 2, 3, 5, 1, 5, 2, 2),
(24, 2, 3, 5, 2, 5, 5, 5),
(25, 2, 3, 6, 1, 5, 2, 2),
(26, 2, 3, 6, 2, 5, 5, 5),
(27, 2, 3, 7, 1, 15, 1, 1),
(28, 2, 3, 8, 1, 15, 1, 1),
(29, 2, 3, 10, 1, 16, 6, 6),
(30, 2, 3, 9, 1, 16, 6, 6),
(31, 4, 2, 1, 1, 18, 7, 7),
(32, 4, 2, 1, 2, 18, 8, 5),
(33, 4, 2, 2, 1, 18, 7, 7),
(34, 4, 2, 2, 2, 18, 8, 5),
(35, 4, 2, 3, 1, 19, 4, 8),
(36, 4, 2, 4, 1, 19, 4, 8),
(37, 5, 2, 3, 1, 20, 3, 9),
(38, 5, 2, 4, 1, 20, 3, 9),
(39, 6, 2, 3, 1, 16, 6, 6),
(40, 6, 2, 4, 1, 16, 6, 6),
(41, 4, 2, 5, 1, 21, 9, 10),
(42, 4, 2, 6, 1, 21, 9, 10),
(43, 5, 2, 5, 1, 22, 5, 5),
(44, 5, 2, 6, 1, 22, 5, 5),
(45, 6, 2, 5, 1, 20, 3, 9),
(46, 6, 2, 6, 1, 20, 3, 9),
(47, 4, 2, 7, 1, 22, 5, 5),
(48, 4, 2, 8, 1, 22, 5, 5),
(49, 5, 2, 7, 1, 19, 4, 8),
(50, 5, 2, 8, 1, 19, 4, 8),
(51, 5, 2, 9, 1, 21, 9, 10),
(52, 5, 2, 10, 1, 21, 9, 10),
(53, 4, 3, 1, 1, 20, 3, 9),
(54, 4, 3, 2, 1, 20, 3, 9),
(55, 4, 3, 3, 1, 23, 10, 11),
(56, 4, 3, 4, 1, 23, 10, 11),
(57, 4, 3, 5, 1, 23, 10, 11),
(58, 4, 3, 6, 1, 24, 5, 5),
(59, 5, 3, 6, 1, 25, 5, 5),
(60, 6, 3, 6, 1, 23, 10, 11),
(61, 4, 3, 7, 1, 24, 5, 5),
(62, 4, 3, 8, 1, 24, 5, 5),
(63, 5, 3, 7, 1, 20, 3, 9),
(64, 5, 3, 8, 1, 20, 3, 9),
(65, 6, 3, 7, 1, 23, 10, 11),
(66, 6, 3, 8, 1, 23, 10, 11),
(67, 5, 3, 9, 1, 22, 5, 5),
(68, 5, 3, 10, 1, 22, 5, 5),
(69, 6, 3, 9, 1, 19, 4, 8),
(70, 6, 3, 10, 1, 19, 4, 8),
(71, 7, 2, 1, 1, 26, 11, 12),
(72, 7, 2, 1, 2, 26, 12, 4),
(73, 7, 2, 2, 1, 26, 11, 12),
(74, 7, 2, 2, 2, 26, 12, 4),
(75, 7, 2, 3, 1, 26, 11, 12),
(76, 7, 2, 3, 2, 26, 12, 4),
(77, 9, 2, 3, 1, 27, 5, 5),
(78, 7, 2, 4, 1, 26, 11, 12),
(79, 7, 2, 4, 2, 26, 12, 4),
(80, 9, 2, 4, 1, 27, 5, 5),
(81, 7, 2, 5, 1, 27, 5, 10),
(82, 7, 2, 6, 1, 27, 5, 10),
(83, 7, 2, 7, 1, 29, 14, 14),
(84, 7, 2, 8, 1, 29, 14, 14),
(85, 8, 2, 5, 1, 28, 13, 13),
(86, 8, 2, 6, 1, 28, 13, 13),
(87, 8, 2, 7, 1, 28, 13, 13),
(88, 8, 2, 8, 1, 30, 15, 15),
(89, 9, 2, 5, 1, 29, 14, 14),
(90, 8, 2, 6, 1, 29, 14, 14),
(91, 8, 2, 9, 1, 30, 15, 15),
(92, 8, 2, 10, 1, 30, 15, 15),
(93, 8, 2, 11, 1, 18, 7, 16),
(94, 8, 2, 12, 1, 18, 7, 16),
(96, 8, 3, 1, 2, 31, 5, 5),
(97, 8, 3, 1, 1, 31, 16, 19),
(98, 8, 3, 2, 1, 31, 16, 19),
(99, 8, 3, 2, 2, 31, 5, 5),
(100, 9, 3, 1, 1, 29, 14, 18),
(101, 9, 3, 2, 1, 29, 14, 18),
(102, 7, 3, 3, 1, 18, 17, 17),
(104, 7, 3, 4, 1, 18, 17, 17),
(106, 7, 3, 4, 2, 18, 7, 16),
(107, 7, 3, 3, 2, 18, 7, 16),
(108, 8, 3, 3, 1, 16, 6, 6),
(109, 8, 3, 4, 1, 16, 6, 6),
(110, 9, 3, 3, 1, 29, 14, 18),
(111, 9, 3, 4, 1, 29, 14, 18),
(112, 7, 3, 5, 1, 26, 11, 12),
(113, 7, 3, 5, 2, 26, 12, 5),
(114, 8, 3, 5, 1, 32, 14, 18),
(115, 9, 3, 5, 1, 16, 18, 6),
(116, 7, 3, 6, 1, 26, 11, 12),
(117, 7, 3, 6, 2, 26, 12, 5),
(118, 8, 3, 6, 1, 32, 14, 18),
(119, 9, 3, 6, 1, 16, 18, 6),
(120, 7, 3, 7, 1, 26, 11, 12),
(121, 7, 3, 7, 2, 26, 12, 5),
(122, 8, 3, 7, 1, 32, 14, 18),
(123, 9, 3, 7, 1, 18, 7, 16),
(124, 7, 3, 8, 1, 26, 11, 12),
(125, 7, 3, 8, 2, 26, 12, 5),
(126, 9, 3, 8, 1, 18, 7, 16),
(136, 3, 3, 5, 1, 33, 1, 1),
(137, 3, 3, 6, 1, 33, 1, 1),
(138, 3, 3, 7, 1, 34, 5, 5),
(139, 3, 3, 8, 1, 34, 5, 5),
(140, 3, 3, 9, 1, 35, 1, 1),
(141, 3, 3, 10, 1, 35, 1, 1),
(142, 4, 3, 11, 2, 36, 7, 16),
(143, 4, 3, 12, 2, 36, 7, 16),
(144, 4, 3, 12, 2, 36, 7, 16),
(145, 3, 3, 11, 2, 36, 7, 16),
(146, 3, 3, 12, 2, 36, 7, 16),
(147, 1, 3, 5, 1, 16, 6, 6),
(148, 1, 3, 6, 1, 16, 6, 6),
(149, 1, 3, 7, 1, 37, 19, 14),
(150, 1, 3, 8, 1, 37, 19, 14),
(151, 1, 3, 9, 2, 36, 7, 16),
(152, 1, 3, 10, 2, 36, 7, 16),
(153, 3, 4, 7, 1, 38, 5, 5),
(154, 3, 4, 8, 1, 38, 5, 5),
(155, 3, 4, 9, 1, 39, 2, 2),
(156, 3, 4, 10, 1, 39, 2, 2),
(157, 7, 4, 1, 1, 40, 20, 20),
(158, 7, 4, 2, 1, 40, 20, 20),
(159, 7, 4, 3, 1, 1, 12, 4),
(160, 7, 4, 4, 1, 1, 12, 4),
(161, 7, 4, 5, 1, 29, 14, 21),
(162, 7, 4, 6, 1, 29, 14, 21),
(163, 7, 4, 7, 1, 16, 6, 6),
(164, 7, 4, 8, 1, 16, 6, 6),
(165, 6, 4, 3, 1, 20, 3, 9),
(166, 6, 4, 4, 1, 20, 3, 9),
(167, 6, 4, 5, 1, 21, 9, 10),
(168, 6, 4, 6, 1, 21, 9, 10),
(169, 6, 4, 7, 1, 41, 1, 1),
(170, 6, 4, 8, 1, 41, 1, 1),
(171, 6, 4, 9, 1, 41, 1, 1),
(174, 5, 4, 3, 1, 18, 7, 16),
(175, 5, 4, 2, 1, 18, 7, 16),
(176, 5, 4, 4, 1, 41, 1, 1),
(177, 5, 4, 5, 1, 41, 1, 1),
(178, 5, 4, 6, 1, 41, 1, 1),
(179, 5, 4, 7, 1, 23, 10, 11),
(180, 5, 4, 8, 1, 23, 10, 11),
(181, 5, 4, 9, 1, 23, 10, 11),
(182, 4, 4, 1, 1, 17, 3, 9),
(183, 4, 4, 2, 1, 17, 3, 9),
(184, 4, 4, 3, 1, 16, 6, 6),
(185, 4, 4, 4, 1, 16, 6, 6),
(186, 4, 4, 5, 1, 22, 5, 5),
(187, 4, 4, 6, 1, 22, 5, 5),
(188, 4, 4, 7, 1, 21, 9, 10),
(189, 4, 4, 8, 1, 21, 9, 10),
(190, 2, 4, 4, 1, 20, 5, 5),
(191, 2, 4, 5, 1, 20, 5, 5),
(192, 2, 4, 6, 1, 37, 19, 14),
(193, 2, 4, 7, 1, 37, 19, 14),
(194, 2, 4, 8, 1, 37, 19, 14),
(195, 2, 4, 9, 1, 20, 5, 5),
(196, 2, 4, 10, 1, 20, 5, 5),
(202, 39, 3, 1, 1, 26, 11, 12),
(203, 39, 3, 2, 1, 26, 11, 12),
(204, 39, 3, 3, 1, 26, 11, 12),
(205, 39, 3, 4, 1, 26, 11, 12),
(206, 39, 3, 1, 2, 26, 12, 4),
(207, 39, 3, 2, 2, 26, 12, 4),
(208, 39, 3, 3, 2, 26, 12, 4),
(209, 39, 3, 4, 2, 26, 12, 4),
(210, 39, 3, 5, 1, 18, 7, 16),
(211, 39, 3, 6, 1, 18, 7, 16),
(212, 39, 4, 1, 1, 29, 14, 22),
(213, 39, 4, 2, 1, 29, 14, 22),
(214, 39, 4, 3, 1, 40, 20, 20),
(215, 39, 4, 4, 1, 40, 20, 20),
(216, 39, 4, 5, 1, 27, 5, 10),
(217, 39, 4, 6, 1, 27, 5, 10),
(218, 39, 4, 7, 1, 1, 12, 4),
(219, 39, 4, 8, 1, 1, 12, 4),
(220, 38, 3, 2, 1, 42, 22, 22),
(221, 38, 3, 3, 1, 42, 22, 22),
(222, 38, 3, 4, 1, 1, 23, 21),
(223, 38, 3, 5, 1, 1, 23, 21),
(224, 38, 4, 3, 1, 16, 18, 6),
(225, 38, 4, 4, 1, 16, 18, 6),
(226, 38, 4, 5, 1, 26, 11, 12),
(227, 38, 4, 6, 1, 26, 11, 12),
(228, 38, 4, 7, 1, 26, 11, 12),
(229, 38, 4, 8, 1, 26, 11, 12),
(230, 38, 4, 5, 2, 26, 5, 5),
(231, 38, 4, 6, 2, 26, 5, 5),
(232, 38, 4, 7, 2, 26, 5, 5),
(233, 38, 4, 8, 2, 26, 5, 5),
(234, 37, 3, 4, 2, 44, 5, 5),
(235, 37, 3, 5, 2, 44, 5, 5),
(236, 37, 3, 6, 2, 44, 5, 5),
(237, 37, 3, 4, 1, 44, 24, 23),
(238, 37, 3, 5, 1, 44, 24, 23),
(239, 37, 3, 6, 1, 44, 24, 23),
(240, 37, 3, 7, 1, 16, 6, 6),
(241, 37, 3, 8, 1, 16, 6, 6),
(242, 37, 3, 9, 1, 37, 19, 14),
(243, 37, 3, 10, 1, 37, 19, 14),
(244, 37, 3, 11, 1, 43, 3, 9),
(245, 37, 4, 1, 1, 45, 4, 8),
(246, 37, 4, 2, 1, 45, 4, 8),
(247, 37, 4, 3, 1, 45, 4, 8),
(248, 37, 4, 4, 1, 46, 25, 23),
(249, 37, 4, 5, 1, 46, 25, 23),
(250, 37, 4, 6, 2, 18, 7, 16),
(251, 37, 4, 7, 2, 18, 7, 16),
(252, 36, 3, 4, 1, 47, 4, 8),
(253, 36, 3, 5, 1, 47, 4, 8),
(254, 36, 3, 6, 1, 45, 4, 8),
(255, 36, 3, 7, 1, 45, 4, 8),
(256, 36, 3, 8, 1, 45, 4, 8),
(257, 36, 3, 9, 1, 48, 16, 19),
(258, 36, 3, 10, 1, 48, 16, 19),
(259, 36, 3, 11, 1, 48, 16, 19),
(260, 36, 4, 1, 1, 49, 26, 24),
(261, 36, 4, 2, 1, 49, 26, 24),
(262, 36, 4, 3, 1, 49, 26, 24),
(263, 36, 4, 4, 1, 44, 24, 19),
(264, 36, 4, 5, 1, 44, 24, 19),
(265, 36, 4, 6, 1, 44, 24, 19),
(266, 36, 4, 4, 2, 44, 5, 5),
(267, 36, 4, 5, 2, 44, 5, 5),
(268, 36, 4, 6, 2, 44, 5, 5),
(269, 35, 3, 1, 1, 50, 27, 3),
(270, 35, 3, 2, 1, 50, 27, 3),
(271, 35, 3, 3, 1, 16, 18, 6),
(272, 35, 3, 4, 1, 16, 18, 6),
(273, 35, 4, 3, 1, 51, 5, 5),
(274, 35, 4, 4, 1, 51, 5, 5),
(275, 35, 4, 5, 1, 50, 27, 3),
(276, 35, 4, 6, 1, 50, 27, 3),
(277, 35, 4, 7, 1, 36, 17, 17),
(278, 35, 4, 8, 1, 36, 17, 17),
(279, 2, 1, 4, 4, 21, 27, 8);

-- --------------------------------------------------------

--
-- Структура таблицы `week`
--

CREATE TABLE `week` (
  `id` int(11) NOT NULL,
  `name` varchar(32) NOT NULL
) ENGINE=InnoDB DEFAULT CHARSET=utf8;

--
-- Дамп данных таблицы `week`
--

INSERT INTO `week` (`id`, `name`) VALUES
(1, 'Понедельник'),
(2, 'Вторник'),
(3, 'Среда'),
(4, 'Четверг'),
(5, 'Пятница'),
(6, 'Суббота');

--
-- Индексы сохранённых таблиц
--

--
-- Индексы таблицы `group`
--
ALTER TABLE `group`
  ADD PRIMARY KEY (`id`);

--
-- Индексы таблицы `lesson`
--
ALTER TABLE `lesson`
  ADD PRIMARY KEY (`id`);

--
-- Индексы таблицы `numlesson`
--
ALTER TABLE `numlesson`
  ADD PRIMARY KEY (`id`);

--
-- Индексы таблицы `room`
--
ALTER TABLE `room`
  ADD PRIMARY KEY (`id`);

--
-- Индексы таблицы `subgroup`
--
ALTER TABLE `subgroup`
  ADD PRIMARY KEY (`id`);

--
-- Индексы таблицы `teacher`
--
ALTER TABLE `teacher`
  ADD PRIMARY KEY (`id`);

--
-- Индексы таблицы `timetable`
--
ALTER TABLE `timetable`
  ADD PRIMARY KEY (`id`);

--
-- Индексы таблицы `week`
--
ALTER TABLE `week`
  ADD PRIMARY KEY (`id`);

--
-- AUTO_INCREMENT для сохранённых таблиц
--

--
-- AUTO_INCREMENT для таблицы `group`
--
ALTER TABLE `group`
  MODIFY `id` int(11) NOT NULL AUTO_INCREMENT, AUTO_INCREMENT=40;

--
-- AUTO_INCREMENT для таблицы `lesson`
--
ALTER TABLE `lesson`
  MODIFY `id` int(11) NOT NULL AUTO_INCREMENT, AUTO_INCREMENT=53;

--
-- AUTO_INCREMENT для таблицы `numlesson`
--
ALTER TABLE `numlesson`
  MODIFY `id` int(11) NOT NULL AUTO_INCREMENT, AUTO_INCREMENT=2;

--
-- AUTO_INCREMENT для таблицы `room`
--
ALTER TABLE `room`
  MODIFY `id` int(11) NOT NULL AUTO_INCREMENT, AUTO_INCREMENT=25;

--
-- AUTO_INCREMENT для таблицы `subgroup`
--
ALTER TABLE `subgroup`
  MODIFY `id` int(11) NOT NULL AUTO_INCREMENT, AUTO_INCREMENT=2;

--
-- AUTO_INCREMENT для таблицы `teacher`
--
ALTER TABLE `teacher`
  MODIFY `id` int(11) NOT NULL AUTO_INCREMENT, AUTO_INCREMENT=28;

--
-- AUTO_INCREMENT для таблицы `timetable`
--
ALTER TABLE `timetable`
  MODIFY `id` int(11) NOT NULL AUTO_INCREMENT, AUTO_INCREMENT=280;

--
-- AUTO_INCREMENT для таблицы `week`
--
ALTER TABLE `week`
  MODIFY `id` int(11) NOT NULL AUTO_INCREMENT, AUTO_INCREMENT=7;
COMMIT;

/*!40101 SET CHARACTER_SET_CLIENT=@OLD_CHARACTER_SET_CLIENT */;
/*!40101 SET CHARACTER_SET_RESULTS=@OLD_CHARACTER_SET_RESULTS */;
/*!40101 SET COLLATION_CONNECTION=@OLD_COLLATION_CONNECTION */;
